x500Name,Version
"OU=Universe Bank, O=Contour Pte. Ltd., L=Singapore, C=SG","7.0.0"
"OU=Tenancy Corp, O=Contour Pte. Ltd., L=Singapore, C=SG","7.0.0"
"OU=Talent Bank, O=Contour Pte. Ltd., L=Singapore, C=SG","7.0.0"
"OU=Unification Corp, O=Contour Pte. Ltd., L=Singapore, C=SG","7.0.0"
"OU=Head Office-UATenv2, O=CTBC Bank Co. Ltd., L=Taipei, C=TW","6.1.0"
"OU=Head Office-UATenv, O=CTBC Bank Co. Ltd., L=Taipei, C=TW","6.1.0"
"O=Skandinaviska Enskilda Banken AB (publ), L=Stockholm, C=SE","6.1.0"
"OU=House of Food Corp, O=Contour Pte. Ltd., L=Singapore, C=SG","7.0.0"
"OU=Good Game Corp, O=Contour Pte. Ltd., L=Singapore, C=SG","7.0.0"
"OU=Global Trade and Receivables Finance, O=HSBC Bank Middle East LTD, L=Dubai, C=AE","6.1.0"
"OU=Contour_uat02, O=Bangkok Bank PCL, L=Bangkok, C=TH","6.1.0"
"OU=Interchange Bank, O=Contour Pte. Ltd., L=Singapore, C=SG","7.0.0"
"OU=Master Bank, O=Contour Pte. Ltd., L=Singapore, C=SG","7.0.0"
"OU=Yellow Sun Ltd., O=Contour Pte. Ltd., L=Singapore, C=SG","5.0.2"
"OU=Jobs Bank, O=Contour Pte. Ltd., L=Singapore, C=SG","7.0.0"
"OU=Great Wall Bank, O=Contour Pte. Ltd., L=Singapore, C=SG","7.0.0"
"OU=Northpoint Bank, O=Contour Pte. Ltd., L=Singapore, C=SG","7.0.0"
"OU=New Ignition Corp, O=Contour Pte. Ltd., L=Singapore, C=SG","7.0.0"
"OU=Maple House Corp, O=Contour Pte. Ltd., L=Singapore, C=SG","7.0.0"
"OU=Contour_uat03, O=Bangkok Bank PCL, L=Bangkok, C=TH","6.1.0"
"OU=HelloWorld Bank, O=Contour Pte. Ltd., L=Singapore, C=SG","7.0.0"
"OU=Jaguar Co. Ltd., O=Contour Pte. Ltd., L=Singapore, C=SG","7.0.0"
"OU=International Trade Ltd., O=Contour Pte. Ltd., L=Singapore, C=SG","7.0.0"
"OU=Contour_uat04, O=Bangkok Bank PCL, L=Bangkok, C=TH","6.1.0"
"OU=CTR UAT AGENT, O=BNP PARIBAS SA, L=PARIS, C=FR","6.0.0"
"OU=Kingsman Corp, O=Contour Pte. Ltd., L=Singapore, C=SG","7.0.0"
"OU=Knowledge Bank, O=Contour Pte. Ltd., L=Singapore, C=SG","7.0.0"
"OU=Contour_uat05, O=Bangkok Bank PCL, L=Bangkok, C=TH","6.1.0"
"OU=Bank B UAT, O=The Hongkong and Shanghai Banking Corporation Limited, L=Central District, C=HK","6.1.0"
"OU=Corp A UAT, O=The Hongkong and Shanghai Banking Corporation Limited, L=Central District, C=HK","6.1.0"
"OU=Corp B UAT, O=The Hongkong and Shanghai Banking Corporation Limited, L=Central District, C=HK","6.1.0"
"OU=CTR STG AGENT 02, O=BNP PARIBAS, L=PARIS, C=FR","6.0.0"
"OU=Permata_uat0, O=PT BANK PERMATA TBK, L=Jakarta, C=ID","6.1.0"
"OU=CTR DEV AGENT, O=BNP PARIBAS SA, L=PARIS, C=FR","6.0.0"
"OU=BNPP Bank UAT2, O=Contour Pte. Ltd., L=Singapore, C=SG","7.0.0"
"OU=BNPP Corp UAT2, O=Contour Pte. Ltd., L=Singapore, C=SG","7.0.0"
"OU=BNPP Bank UAT1, O=Contour Pte. Ltd., L=Singapore, C=SG","7.0.0"
"OU=BNPP Corp UAT1, O=Contour Pte. Ltd., L=Singapore, C=SG","7.0.0"
"OU=Lucky Bank, O=Contour Pte. Ltd., L=Singapore, C=SG","7.0.0"
"OU=Optimal Corp, O=Contour Pte. Ltd., L=Singapore, C=SG","7.0.0"
"OU=Lyrical Corp, O=Contour Pte. Ltd., L=Singapore, C=SG","7.0.0"
"OU=Bank Z, O=HSBC Bank (China) Company Limited, L=Shanghai, C=CN","6.1.0"
"OU=CIB ITO-CORDA-PREPROD-NODE6, O=Standard Chartered Bank, L=London, C=GB","6.1.0"
"OU=SABB_UAT_Bank02, O=The Saudi British Bank, L=Riyadh, C=SA","6.1.0"
"OU=CIB ITO-CORDA-PREPROD, O=Standard Chartered Bank Bangladesh Branch, L=Dhaka, C=BD","6.1.0"
"OU=Ericsson AB Corp-01 UAT, O=Ericsson AB, L=Stockholm, C=SE","6.1.0"
"OU=CIB ITO-CORDA-PREPROD-NODE8, O=Standard Chartered Bank, L=London, C=GB","6.1.0"
"OU=SABB_UAT, O=The Saudi British Bank, L=Riyadh, C=SA","6.1.0"
"OU=SABB_CUST01_UAT, O=The Saudi British Bank, L=Riyadh, C=SA","6.1.0"
"OU=SABB_CUST02_UAT, O=The Saudi British Bank, L=Riyadh, C=SA","6.1.0"
"OU=SABB_CUST03_UAT, O=The Saudi British Bank, L=Riyadh, C=SA","6.1.0"
"OU=CIB ITO-CORDA-PREPROD-Node2, O=Standard Chartered Bank, L=London, C=GB","6.1.0"
"OU=CTR DEV AGENT 2, O=BNP PARIBAS SA, L=PARIS, C=FR","6.1.0"
"OU=CIB ITO-CORDA-PREPROD-Node1, O=Standard Chartered Bank, L=London, C=GB","6.1.0"
"OU=Peace Keeper Bank, O=Contour Pte. Ltd., L=Singapore, C=SG","7.0.0"
"OU=Open Minded Bank, O=Contour Pte. Ltd., L=Singapore, C=SG","7.0.0"
"OU=CIB ITO-CORDA-PREPROD-Node3, O=Standard Chartered Bank, L=London, C=GB","6.1.0"
"OU=CIB ITO-CORDA-PREPROD-Node4, O=Standard Chartered Bank, L=London, C=GB","6.1.0"
"OU=Paragon Corp, O=Contour Pte. Ltd., L=Singapore, C=SG","7.0.0"
